{
	"class_name" : "PinholeCameraParameters",
	"extrinsic" : 
	[
		0.99073174265667308,
		0.0038485960512108092,
		-0.13577850492955973,
		0.0,
		0.031812789152566287,
		0.96522261239797724,
		0.25948652173467246,
		0.0,
		0.13205514203849178,
		-0.26140102682288546,
		0.95615424625796386,
		0.0,
		-0.25118143639593776,
		0.78782165294897033,
		3.0693403257566145,
		1.0
	],
	"intrinsic" : 
	{
		"height" : 1000,
		"intrinsic_matrix" : 
		[
			866.02540378443871,
			0.0,
			0.0,
			0.0,
			866.02540378443871,
			0.0,
			499.5,
			499.5,
			1.0
		],
		"width" : 1000
	},
	"version_major" : 1,
	"version_minor" : 0
}