{
	"class_name" : "PinholeCameraParameters",
	"extrinsic" : 
	[
		0.84471368357123044,
		-0.47952372507922164,
		0.23773049840874511,
		0.0,
		0.33361165877994675,
		0.81906601161876558,
		0.46672703986058145,
		0.0,
		-0.41852365992093649,
		-0.3149410511462033,
		0.85185097311050184,
		0.0,
		0.86000145051700971,
		0.55558222947246616,
		4.3925838711356526,
		1.0
	],
	"intrinsic" : 
	{
		"height" : 1000,
		"intrinsic_matrix" : 
		[
			866.02540378443871,
			0.0,
			0.0,
			0.0,
			866.02540378443871,
			0.0,
			499.5,
			499.5,
			1.0
		],
		"width" : 1000
	},
	"version_major" : 1,
	"version_minor" : 0
}