{
	"class_name" : "PinholeCameraParameters",
	"extrinsic" : 
	[
		0.99802900427517105,
		0.058849969949509487,
		-0.021789622815745889,
		0.0,
		-0.047849137346613835,
		0.93828954515693674,
		0.34252472831078029,
		0.0,
		0.040602545248980736,
		-0.34080699888079002,
		0.93925610076973887,
		0.0,
		-2.3086489996073789,
		0.80824990167769517,
		3.5123108925508233,
		1.0
	],
	"intrinsic" : 
	{
		"height" : 1000,
		"intrinsic_matrix" : 
		[
			866.02540378443871,
			0.0,
			0.0,
			0.0,
			866.02540378443871,
			0.0,
			999.5,
			499.5,
			1.0
		],
		"width" : 2000
	},
	"version_major" : 1,
	"version_minor" : 0
}