{
	"class_name" : "PinholeCameraParameters",
	"extrinsic" : 
	[
		0.99690095634706988,
		0.076745376929415673,
		-0.017280924577682842,
		0.0,
		-0.074039002583071084,
		0.98957012286576584,
		0.1235685964472252,
		0.0,
		0.026584005168552794,
		-0.12190618955325902,
		0.99218555301808509,
		0.0,
		-3.0922281311767215,
		0.36104843608601872,
		3.4814052135747975,
		1.0
	],
	"intrinsic" : 
	{
		"height" : 1000,
		"intrinsic_matrix" : 
		[
			866.02540378443871,
			0.0,
			0.0,
			0.0,
			866.02540378443871,
			0.0,
			999.5,
			499.5,
			1.0
		],
		"width" : 2000
	},
	"version_major" : 1,
	"version_minor" : 0
}