{
	"class_name" : "PinholeCameraParameters",
	"extrinsic" : 
	[
		0.99547087176120674,
		0.066359166167711509,
		-0.068074992034589638,
		0.0,
		-0.034111659361235766,
		0.91771743177102039,
		0.39576648433037598,
		0.0,
		0.088736340755106682,
		-0.39165185623092452,
		0.91582459310736186,
		0.0,
		-0.79244264478934556,
		1.1648496697378981,
		3.7125948317686932,
		1.0
	],
	"intrinsic" : 
	{
		"height" : 1000,
		"intrinsic_matrix" : 
		[
			866.02540378443871,
			0.0,
			0.0,
			0.0,
			866.02540378443871,
			0.0,
			499.5,
			499.5,
			1.0
		],
		"width" : 1000
	},
	"version_major" : 1,
	"version_minor" : 0
}