{
	"class_name" : "PinholeCameraParameters",
	"extrinsic" : 
	[
		0.99545176116972434,
		-0.0035544680286729918,
		0.095200614184611981,
		0.0,
		-0.033477948558606696,
		0.92251727887939206,
		0.38450110159695161,
		0.0,
		-0.089190908417851003,
		-0.38593942002080472,
		0.91820245367217557,
		0.0,
		-3.9985797938120577,
		0.93600143365177368,
		3.4255638169373759,
		1.0
	],
	"intrinsic" : 
	{
		"height" : 900,
		"intrinsic_matrix" : 
		[
			779.4228634059948,
			0.0,
			0.0,
			0.0,
			779.4228634059948,
			0.0,
			999.5,
			449.5,
			1.0
		],
		"width" : 2000
	},
	"version_major" : 1,
	"version_minor" : 0
}