{
	"class_name" : "ViewTrajectory",
	"interval" : 29,
	"is_loop" : false,
	"trajectory" :
	[
		{
			"boundingbox_max" : [ 78.928695678710938, 79.385887145996094, 2.8669416904449463 ],
			"boundingbox_min" : [ -79.602401733398438, -77.295280456542969, -12.122811317443848 ],
			"field_of_view" : 60.0,
			"front" : [ -0.21398027843500753, -0.84795899111304118, 0.48495153348703834 ],
			"lookat" : [ -0.33685302734375, 1.0453033447265625, -4.6279348134994507 ],
			"up" : [ -0.013300961715233511, 0.49893352102306837, 0.86653818497338797 ],
			"zoom" : 0.2999999999999996
		}
	],
	"version_major" : 1,
	"version_minor" : 0
}