{
	"class_name" : "PinholeCameraParameters",
	"extrinsic" : 
	[
		-0.14641273606779417,
		-0.96530312755832459,
		0.21622484279855408,
		0.0,
		-0.98898261954167566,
		0.13801322083516851,
		-0.053532505257913511,
		0.0,
		0.02183320777228993,
		-0.22168045200427569,
		-0.97487490902040974,
		0.0,
		-0.91484208809679712,
		-2.440255474931007,
		123.94676474043585,
		1.0
	],
	"intrinsic" : 
	{
		"height" : 1000,
		"intrinsic_matrix" : 
		[
			866.02540378443871,
			0.0,
			0.0,
			0.0,
			866.02540378443871,
			0.0,
			499.5,
			499.5,
			1.0
		],
		"width" : 1000
	},
	"version_major" : 1,
	"version_minor" : 0
}