{
	"class_name" : "PinholeCameraParameters",
	"extrinsic" : 
	[
		0.99955584302886324,
		-0.0014239468507276966,
		0.029767247810724422,
		0.0,
		-0.00052759488935531069,
		-0.99954680690842301,
		-0.030098213282657625,
		0.0,
		0.029796615755677717,
		0.030069139903594253,
		-0.99910360249323826,
		0.0,
		-85.351396051769768,
		-6.4895318422824371,
		179.93841577642408,
		1.0
	],
	"intrinsic" : 
	{
		"height" : 1000,
		"intrinsic_matrix" : 
		[
			866.02540378443871,
			0.0,
			0.0,
			0.0,
			866.02540378443871,
			0.0,
			999.5,
			499.5,
			1.0
		],
		"width" : 2000
	},
	"version_major" : 1,
	"version_minor" : 0
}