{
	"class_name" : "PinholeCameraParameters",
	"extrinsic" : 
	[
		1.0,
		-0.0,
		-0.0,
		0.0,
		0.0,
		-1.0,
		-0.0,
		0.0,
		0.0,
		-0.0,
		-1.0,
		0.0,
		9.1449317932128906,
		53.809101104736328,
		187.17480057117498,
		1.0
	],
	"intrinsic" : 
	{
		"height" : 1163,
		"intrinsic_matrix" : 
		[
			1007.1875446013022,
			0.0,
			0.0,
			0.0,
			1007.1875446013022,
			0.0,
			959.5,
			581.0,
			1.0
		],
		"width" : 1920
	},
	"version_major" : 1,
	"version_minor" : 0
}