{
	"class_name" : "PinholeCameraParameters",
	"extrinsic" : 
	[
		0.25451334600347952,
		0.76112632583151396,
		-0.59658165646651684,
		0.0,
		0.96681610673416607,
		-0.21437526106272978,
		0.13895993380710905,
		0.0,
		-0.022126284493850026,
		-0.61215191216764686,
		-0.79043055606674961,
		0.0,
		-86.198046480470595,
		17.654048975251371,
		128.24790944892266,
		1.0
	],
	"intrinsic" : 
	{
		"height" : 900,
		"intrinsic_matrix" : 
		[
			779.4228634059948,
			0.0,
			0.0,
			0.0,
			779.4228634059948,
			0.0,
			999.5,
			449.5,
			1.0
		],
		"width" : 2000
	},
	"version_major" : 1,
	"version_minor" : 0
}