{
	"class_name" : "PinholeCameraParameters",
	"extrinsic" : 
	[
		0.9900795991241047,
		0.13884987587110154,
		0.021519743698100426,
		0.0,
		0.029490775675294241,
		-0.055607856194417098,
		-0.99801706422261671,
		0.0,
		-0.1373778786716468,
		0.98875096879853464,
		-0.059150994510976454,
		0.0,
		-1.3560342036038717,
		0.20560224168299238,
		3.6766778553866497,
		1.0
	],
	"intrinsic" : 
	{
		"height" : 1000,
		"intrinsic_matrix" : 
		[
			866.02540378443871,
			0.0,
			0.0,
			0.0,
			866.02540378443871,
			0.0,
			999.5,
			499.5,
			1.0
		],
		"width" : 2000
	},
	"version_major" : 1,
	"version_minor" : 0
}