{
	"class_name" : "PinholeCameraParameters",
	"extrinsic" : 
	[
		0.99822475889065687,
		0.059235918045507971,
		0.0061997379779988107,
		0.0,
		0.011304355311043294,
		-0.2906343842778254,
		0.95676740445442177,
		0.0,
		0.058476852588795036,
		-0.95499882758501609,
		-0.29078806203582902,
		0.0,
		-1.3070696592743025,
		-0.49604098557963316,
		3.6629350144401198,
		1.0
	],
	"intrinsic" : 
	{
		"height" : 1000,
		"intrinsic_matrix" : 
		[
			866.02540378443871,
			0.0,
			0.0,
			0.0,
			866.02540378443871,
			0.0,
			999.5,
			499.5,
			1.0
		],
		"width" : 2000
	},
	"version_major" : 1,
	"version_minor" : 0
}