{
	"class_name" : "PinholeCameraParameters",
	"extrinsic" : 
	[
		0.048510805734134757,
		0.66640318657754016,
		-0.74401175706189304,
		0.0,
		-0.96439708728261231,
		0.22512812308718227,
		0.13876449919217901,
		0.0,
		0.2599710748676452,
		0.71079119375140187,
		0.65359843873560353,
		0.0,
		-0.23663891288341565,
		0.15691730998892828,
		3.1997184152818452,
		1.0
	],
	"intrinsic" : 
	{
		"height" : 1000,
		"intrinsic_matrix" : 
		[
			866.02540378443871,
			0.0,
			0.0,
			0.0,
			866.02540378443871,
			0.0,
			499.5,
			499.5,
			1.0
		],
		"width" : 1000
	},
	"version_major" : 1,
	"version_minor" : 0
}